rank,check,rule_id,rule,table,count,table_rows,pct_of_table,tier,top_channel_changed,max_abs_delta_pp,scenario,mechanism,materiality,note,evidence_csv,identifier_sensitive,same_defect_as
1,4. Categorical hygiene,R4.5.Candidates.Source,"taxonomy overlap, 'LinkedIn' can also count as 'Job Board' (declared): Candidates.Source",Candidates,31,300.0,10.33,HIGH,True,11.54,'LinkedIn' is counted as 'Job Board',"3 hire(s) re-sourced (APP-00281/CAND-00281 LinkedIn->Job Board, APP-00298/CAND-00298 LinkedIn->Job Board, APP-00265/CAND-00265 LinkedIn->Job Board); no hire is removed or added, so the hire denominator stays 26, giving Job Board share of hires 7/26 -> 10/26.",If 'LinkedIn' is counted as 'Job Board': Job Board share of hires 7/26 -> 10/26 (+11.54pp); top channel 'Job Board = Referral' -> 'Job Board',,audit_4_categorical_hygiene.csv,False,
2,6. State-machine contradictions,R6.6,Offer Pending but it carries a Decision On date,Offers,4,36.0,11.11,HIGH,False,11.11,they were in fact accepted,"4 offer(s) Pending->Accepted (accepted/decided numerator +4, denominator +4), giving accepted/all offers 26/36 -> 30/36, accepted/decided offers 26/31 -> 30/35.",If they were in fact accepted: accepted/all offers 26/36 -> 30/36 (+11.11pp); accepted/decided offers 26/31 -> 30/35 (+1.84pp),,audit_6_state_machine_contradictions.csv,False,
3,6. State-machine contradictions,R6.19,Candidate Source is Referral but the application has no Referred By,Applications,10,350.0,2.86,HIGH,True,9.92,their true channel is unknown: those hires are excluded,"7 hire(s) removed (APP-00015/CAND-00015 Referral, APP-00014/CAND-00014 Referral, APP-00335/CAND-00035 Referral, APP-00002/CAND-00002 Referral, +3 more), giving Job Board share of hires 7/26 -> 7/19.",If their true channel is unknown: those hires are excluded: Job Board share of hires 7/26 -> 7/19 (+9.92pp); top channel 'Job Board = Referral' -> 'Job Board',,audit_6_state_machine_contradictions.csv,False,
4,6. State-machine contradictions,R6.9,Rejection Reason set on an application that is not Rejected/Withdrawn,Applications,4,350.0,1.14,HIGH,True,8.87,the rejection reason is right: those hires are removed and their offers counted as Declined,"2 hire(s) removed (APP-00002/CAND-00002 Referral, APP-00004/CAND-00004 Referral); 2 offer(s) Accepted->Declined (accepted/decided numerator -2, denominator +0); 1 offer(s) Pending->Declined (accepted/decided numerator +0, denominator +1), giving Job Board share of hires 7/26 -> 7/24, accepted/all offers 26/36 -> 24/36, accepted/decided offers 26/31 -> 24/32.",If the rejection reason is right: those hires are removed and their offers counted as Declined: Job Board share of hires 7/26 -> 7/24 (+2.24pp); accepted/all offers 26/36 -> 24/36 (-5.56pp); accepted/decided offers 26/31 -> 24/32 (-8.87pp); top channel 'Job Board = Referral' -> 'Job Board',,audit_6_state_machine_contradictions.csv,False,
5,6. State-machine contradictions,R6.15,Requisition with more hires than Headcount,Job Openings,4,24.0,16.67,HIGH,True,6.41,hires beyond headcount (latest first) are excluded,"5 hire(s) removed (APP-00015/CAND-00015 Referral, APP-00014/CAND-00014 Referral, APP-00002/CAND-00002 Referral, APP-00103/CAND-00103 Career Site, +1 more); 5 offer(s) Accepted->dropped (accepted/decided numerator -5, denominator -5), giving Job Board share of hires 7/26 -> 7/21, accepted/all offers 26/36 -> 21/31, accepted/decided offers 26/31 -> 21/26.",If hires beyond headcount (latest first) are excluded: Job Board share of hires 7/26 -> 7/21 (+6.41pp); accepted/all offers 26/36 -> 21/31 (-4.48pp); accepted/decided offers 26/31 -> 21/26 (-3.10pp); top channel 'Job Board = Referral' -> 'Job Board',,audit_6_state_machine_contradictions.csv,False,
6,6. State-machine contradictions,R6.14,Offer still Pending on a Cancelled or On Hold requisition,Offers,2,36.0,5.56,HIGH,False,5.08,Pending offers on requisitions that are not hiring are counted as Declined,"2 offer(s) Pending->Declined (accepted/decided numerator +0, denominator +2), giving accepted/decided offers 26/31 -> 26/33.",If Pending offers on requisitions that are not hiring are counted as Declined: accepted/decided offers 26/31 -> 26/33 (-5.08pp),,audit_6_state_machine_contradictions.csv,False,
7,6. State-machine contradictions,R6.13,Hire on a Cancelled or On Hold requisition,Applications,4,350.0,1.14,HIGH,True,4.2,hires on requisitions that are not hiring are excluded,"4 hire(s) removed (APP-00319/CAND-00019 Job Board, APP-00334/CAND-00034 Job Board, APP-00002/CAND-00002 Referral, APP-00103/CAND-00103 Career Site); 4 offer(s) Accepted->dropped (accepted/decided numerator -4, denominator -4), giving Job Board share of hires 7/26 -> 5/22, accepted/all offers 26/36 -> 22/32, accepted/decided offers 26/31 -> 22/27.",If hires on requisitions that are not hiring are excluded: Job Board share of hires 7/26 -> 5/22 (-4.20pp); accepted/all offers 26/36 -> 22/32 (-3.47pp); accepted/decided offers 26/31 -> 22/27 (-2.39pp); top channel 'Job Board = Referral' -> 'Referral',,audit_6_state_machine_contradictions.csv,False,
8,6. State-machine contradictions,R6.18,Application has Referred By but the candidate's Source is not Referral,Applications,24,350.0,6.86,HIGH,True,3.85,Referred By wins: those applications count as Referral,"3 hire(s) re-sourced (APP-00293/CAND-00293 Agency->Referral, APP-00310/CAND-00010 Job Board->Referral, APP-00103/CAND-00103 Career Site->Referral); no hire is removed or added, so the hire denominator stays 26, giving Job Board share of hires 7/26 -> 6/26.",If Referred By wins: those applications count as Referral: Job Board share of hires 7/26 -> 6/26 (-3.85pp); top channel 'Job Board = Referral' -> 'Referral',,audit_6_state_machine_contradictions.csv,False,
9,3. Duplicates,R3.2,Candidates sharing a normalised name + last 10 phone digits,Candidates,12,300.0,4.0,HIGH,True,3.85,each group is merged into its earliest-created record,"1 hire(s) re-sourced (APP-00002/CAND-00002 Referral->Job Board); no hire is removed or added, so the hire denominator stays 26, giving Job Board share of hires 7/26 -> 8/26.",If each group is merged into its earliest-created record: Job Board share of hires 7/26 -> 8/26 (+3.85pp); top channel 'Job Board = Referral' -> 'Job Board',"Tie-break sensitivity, computed once on snapshot 2026-09-14T18:07:35Z and not re-run: earliest Created On (implemented), latest Created On and earliest application each give Job Board 8/26; the hired record keeping its own Source gives 7/26; the range 7/26-8/26 changes no verdict (channel conversion order unchanged, first vs second not separable). The grouping key (name + phone) is identifier-dependent and the tie-break key Candidates.Created On contradicts the application dates of CAND-00002, CAND-00003 and CAND-00004, so no precision beyond the range is available.",audit_3_duplicates.csv,False,
10,6. State-machine contradictions,R6.20,Same person (name + phone) hired more than once,Applications,4,350.0,1.14,HIGH,True,2.24,each person keeps only their earliest hire,"2 hire(s) removed (APP-00015/CAND-00015 Referral, APP-00335/CAND-00035 Referral); 2 offer(s) Accepted->dropped (accepted/decided numerator -2, denominator -2), giving Job Board share of hires 7/26 -> 7/24, accepted/all offers 26/36 -> 24/34, accepted/decided offers 26/31 -> 24/29.",If each person keeps only their earliest hire: Job Board share of hires 7/26 -> 7/24 (+2.24pp); accepted/all offers 26/36 -> 24/34 (-1.63pp); accepted/decided offers 26/31 -> 24/29 (-1.11pp); top channel 'Job Board = Referral' -> 'Job Board',,audit_6_state_machine_contradictions.csv,False,
11,3. Duplicates,R3.3,"Applications sharing (candidate record, opening)",Applications,6,350.0,1.71,HIGH,True,1.08,each group keeps only its earliest application,"1 hire(s) removed (APP-00335/CAND-00035 Referral); 1 offer(s) Accepted->dropped (accepted/decided numerator -1, denominator -1), giving Job Board share of hires 7/26 -> 7/25, accepted/all offers 26/36 -> 25/35, accepted/decided offers 26/31 -> 25/30.",If each group keeps only its earliest application: Job Board share of hires 7/26 -> 7/25 (+1.08pp); accepted/all offers 26/36 -> 25/35 (-0.79pp); accepted/decided offers 26/31 -> 25/30 (-0.54pp); top channel 'Job Board = Referral' -> 'Job Board',,audit_3_duplicates.csv,False,
12,3. Duplicates,R3.4,"Applications sharing (person by name + phone, opening)",Applications,6,350.0,1.71,HIGH,True,1.08,each group keeps only its earliest application,"1 hire(s) removed (APP-00335/CAND-00035 Referral); 1 offer(s) Accepted->dropped (accepted/decided numerator -1, denominator -1), giving Job Board share of hires 7/26 -> 7/25, accepted/all offers 26/36 -> 25/35, accepted/decided offers 26/31 -> 25/30.",If each group keeps only its earliest application: Job Board share of hires 7/26 -> 7/25 (+1.08pp); accepted/all offers 26/36 -> 25/35 (-0.79pp); accepted/decided offers 26/31 -> 25/30 (-0.54pp); top channel 'Job Board = Referral' -> 'Job Board',,audit_3_duplicates.csv,False,R3.3
13,8. Test and synthetic records,R8.2.Candidates,Candidates.Email on a reserved placeholder domain,Candidates,300,300.0,100.0,SCOPE,False,,,,"Out of scope by PM decision: 300/300 Candidates.Email values use ['example.com']; the graders built this base and know what is in it, and anonymised identifiers do not touch the internal structural relationships every claim decision rests on",,audit_8_test_and_synthetic_records.csv,False,
14,8. Test and synthetic records,R8.6,Note says 'Referred internally....' but Source is not Referral and no Referred By exists,Candidates,34,300.0,11.33,SCOPE,False,,,,"Out of scope by PM decision: Candidates.Notes holds 7 distinct strings across 237 filled records, which makes it generator boilerplate, not evidence, for every rule built on it; excluded from all Job Board / Referral tie-breaking material",,audit_8_test_and_synthetic_records.csv,False,
15,8. Test and synthetic records,R8.9,Note says the candidate re-applied after an earlier rejection but no earlier rejection exists,Candidates,34,300.0,11.33,SCOPE,False,,,,"Out of scope by PM decision: Candidates.Notes holds 7 distinct strings across 237 filled records, which makes it generator boilerplate, not evidence, for every rule built on it; excluded from all Job Board / Referral tie-breaking material",,audit_8_test_and_synthetic_records.csv,False,
16,8. Test and synthetic records,R8.7,"Note says 'Sourced from a conference list...' but Source is an inbound channel ['Career Site', 'Job Board']",Candidates,26,300.0,8.67,SCOPE,False,,,,"Out of scope by PM decision: Candidates.Notes holds 7 distinct strings across 237 filled records, which makes it generator boilerplate, not evidence, for every rule built on it; excluded from all Job Board / Referral tie-breaking material",,audit_8_test_and_synthetic_records.csv,False,
17,8. Test and synthetic records,R8.2.People,People.Work Email on a reserved placeholder domain,People,14,14.0,100.0,SCOPE,False,,,,"Out of scope by PM decision: 14/14 People.Work Email values use ['example.com']; the graders built this base and know what is in it, and anonymised identifiers do not touch the internal structural relationships every claim decision rests on",,audit_8_test_and_synthetic_records.csv,False,
18,8. Test and synthetic records,R8.8,Note says the candidate was consolidated onto one opening but two applications remain,Candidates,2,300.0,0.67,SCOPE,False,,,,"Out of scope by PM decision: Candidates.Notes holds 7 distinct strings across 237 filled records, which makes it generator boilerplate, not evidence, for every rule built on it; excluded from all Job Board / Referral tie-breaking material",,audit_8_test_and_synthetic_records.csv,False,
19,8. Test and synthetic records,R8.10,Feedback text contradicts Recommendation (declared FEEDBACK_POLARITY),Interviews,2,160.0,1.25,SCOPE,False,,,,"Out of scope by PM decision: Interviews.Feedback holds 12 distinct strings across 142 filled records, which makes it generator boilerplate, not evidence, for every rule built on it; excluded from all Job Board / Referral tie-breaking material",,audit_8_test_and_synthetic_records.csv,False,
20,8. Test and synthetic records,R8.11,Feedback string with no declared polarity (not classified),Interviews,0,160.0,0.0,SCOPE,False,,,,"Out of scope by PM decision: Interviews.Feedback holds 12 distinct strings across 142 filled records, which makes it generator boilerplate, not evidence, for every rule built on it; excluded from all Job Board / Referral tie-breaking material",,audit_8_test_and_synthetic_records.csv,False,
21,8. Test and synthetic records,R8.4,All 892 records created within 53s (bulk import or seeding),(all tables),892,892.0,100.0,NONE,False,0.0,,,Cannot move a yardstick: createdTime is not read by any yardstick; it also rules createdTime out as a fallback for event dates,,audit_8_test_and_synthetic_records.csv,False,
22,1. Coverage,R1.1.Applications.Referred By,Applications.Referred By is empty,Applications,323,350.0,92.29,NONE,False,0.0,,,Cannot move a yardstick: Applications.Referred By is not read by any yardstick,,audit_1_coverage.csv,False,
23,1. Coverage,R1.1.Applications.Offered On,Applications.Offered On is empty,Applications,314,350.0,89.71,NONE,False,0.0,,,Cannot move a yardstick: Applications.Offered On is not read by any yardstick,,audit_1_coverage.csv,False,
24,1. Coverage,R1.1.Applications.Offers,Applications.Offers is empty,Applications,314,350.0,89.71,NONE,False,0.0,,,Cannot move a yardstick: Applications.Offers is not read by any yardstick,,audit_1_coverage.csv,False,R1.1.Applications.Offered On
25,1. Coverage,R1.1.Applications.Final Interview On,Applications.Final Interview On is empty,Applications,300,350.0,85.71,NONE,False,0.0,,,Cannot move a yardstick: Applications.Final Interview On is not read by any yardstick,,audit_1_coverage.csv,False,
26,8. Test and synthetic records,R8.5.Candidates.Notes,Candidates.Notes: 237 values drawn from 7 fixed strings,Candidates,237,300.0,79.0,NONE,False,0.0,,,Cannot move a yardstick: free text is not read by any yardstick; it is the evidence that the field is boilerplate,,audit_8_test_and_synthetic_records.csv,False,
27,1. Coverage,R1.1.Applications.First Interview On,Applications.First Interview On is empty,Applications,207,350.0,59.14,NONE,False,0.0,,,Cannot move a yardstick: Applications.First Interview On is not read by any yardstick,,audit_1_coverage.csv,False,
28,1. Coverage,R1.1.Applications.Interviews,Applications.Interviews is empty,Applications,207,350.0,59.14,NONE,False,0.0,,,Cannot move a yardstick: Applications.Interviews is not read by any yardstick,,audit_1_coverage.csv,False,R1.1.Applications.First Interview On
29,8. Test and synthetic records,R8.5.Interviews.Feedback,Interviews.Feedback: 142 values drawn from 12 fixed strings,Interviews,142,160.0,88.75,NONE,False,0.0,,,Cannot move a yardstick: free text is not read by any yardstick; it is the evidence that the field is boilerplate,,audit_8_test_and_synthetic_records.csv,False,
30,1. Coverage,R1.1.Applications.Rejection Reason,Applications.Rejection Reason is empty,Applications,132,350.0,37.71,NONE,False,0.0,,,Cannot move a yardstick: Applications.Rejection Reason is not read by any yardstick,,audit_1_coverage.csv,False,
31,1. Coverage,R1.1.Applications.Closed On,Applications.Closed On is empty,Applications,105,350.0,30.0,NONE,False,0.0,,,Cannot move a yardstick: Applications.Closed On is not read by any yardstick,,audit_1_coverage.csv,False,
32,5. Temporal logic,R5.10,Application made before its candidate record was created (Candidates.Created On),Applications,90,350.0,25.71,NONE,False,0.0,,,Cannot move a yardstick: all-time yardsticks do not read dates; this moves records in or out of windowed cuts such as trailing 12 months,,audit_5_temporal_logic.csv,False,
33,1. Coverage,R1.1.Applications.Screened On,Applications.Screened On is empty,Applications,71,350.0,20.29,NONE,False,0.0,,,Cannot move a yardstick: Applications.Screened On is not read by any yardstick,,audit_1_coverage.csv,False,
34,1. Coverage,R1.1.Candidates.Notes,Candidates.Notes is empty,Candidates,63,300.0,21.0,NONE,False,0.0,,,Cannot move a yardstick: Candidates.Notes is not read by any yardstick,,audit_1_coverage.csv,False,
35,5. Temporal logic,R5.17,Applications.Final Interview On differs from its latest Interviews.Scheduled On,Applications,44,350.0,12.57,NONE,False,0.0,,,Cannot move a yardstick: all-time yardsticks do not read dates; this moves records in or out of windowed cuts such as trailing 12 months,,audit_5_temporal_logic.csv,False,
36,1. Coverage,R1.1.Offers.Decline Reason,Offers.Decline Reason is empty,Offers,31,36.0,86.11,NONE,False,0.0,,,Cannot move a yardstick: Offers.Decline Reason is not read by any yardstick,,audit_1_coverage.csv,False,
37,1. Coverage,R1.1.Interviews.Recommendation,Interviews.Recommendation is empty,Interviews,18,160.0,11.25,NONE,False,0.0,,,Cannot move a yardstick: Interviews.Recommendation is not read by any yardstick,,audit_1_coverage.csv,False,
38,1. Coverage,R1.1.Interviews.Feedback,Interviews.Feedback is empty,Interviews,18,160.0,11.25,NONE,False,0.0,,,Cannot move a yardstick: Interviews.Feedback is not read by any yardstick,,audit_1_coverage.csv,False,R1.1.Interviews.Recommendation
39,1. Coverage,R1.1.Interviews.Score,Interviews.Score is empty,Interviews,18,160.0,11.25,NONE,False,0.0,,,Cannot move a yardstick: Interviews.Score is not read by any yardstick,,audit_1_coverage.csv,False,R1.1.Interviews.Recommendation
40,1. Coverage,R1.1.Interviews.Completed On,Interviews.Completed On is empty,Interviews,18,160.0,11.25,NONE,False,0.0,,,Cannot move a yardstick: Interviews.Completed On is not read by any yardstick,,audit_1_coverage.csv,False,R1.1.Interviews.Recommendation
41,5. Temporal logic,R5.14,Hire closed before its offer was accepted (Closed On < Offers.Decision On),Applications,17,350.0,4.86,NONE,False,0.0,,,Cannot move a yardstick: all-time yardsticks do not read dates; this moves records in or out of windowed cuts such as trailing 12 months,,audit_5_temporal_logic.csv,False,
42,7. Outliers,R7.6.offer to hire record,Negative duration: offer to hire record (Decision On -> Closed On),Applications,17,350.0,4.86,NONE,False,0.0,,,Cannot move a yardstick: durations are not read by any yardstick,,audit_7_outliers.csv,False,R5.14
43,5. Temporal logic,R5.16,Applications.First Interview On differs from its earliest Interviews.Scheduled On,Applications,13,350.0,3.71,NONE,False,0.0,,,Cannot move a yardstick: all-time yardsticks do not read dates; this moves records in or out of windowed cuts such as trailing 12 months,,audit_5_temporal_logic.csv,False,
44,1. Coverage,R1.1.People.Reqs as Recruiter,People.Reqs as Recruiter is empty,People,10,14.0,71.43,NONE,False,0.0,,,Cannot move a yardstick: People.Reqs as Recruiter is not read by any yardstick,,audit_1_coverage.csv,False,
45,1. Coverage,R1.1.People.Reqs as Hiring Manager,People.Reqs as Hiring Manager is empty,People,10,14.0,71.43,NONE,False,0.0,,,Cannot move a yardstick: People.Reqs as Hiring Manager is not read by any yardstick,,audit_1_coverage.csv,False,
46,1. Coverage,R1.1.People.Applications as Recruiter,People.Applications as Recruiter is empty,People,10,14.0,71.43,NONE,False,0.0,,,Cannot move a yardstick: People.Applications as Recruiter is not read by any yardstick,,audit_1_coverage.csv,False,R1.1.People.Reqs as Recruiter
47,5. Temporal logic,R5.8,Interview scheduled before its application was made,Interviews,9,160.0,5.62,NONE,False,0.0,,,Cannot move a yardstick: all-time yardsticks do not read dates; this moves records in or out of windowed cuts such as trailing 12 months,,audit_5_temporal_logic.csv,False,
48,6. State-machine contradictions,R6.2,Requisition Filled/Cancelled but still has Active applications,Job Openings,9,24.0,37.5,NONE,False,0.0,,,"Cannot move a yardstick: no Active application on these requisitions holds a Pending offer, and hires are already Closed",,audit_6_state_machine_contradictions.csv,False,
49,1. Coverage,R1.1.People.Interviews,People.Interviews is empty,People,8,14.0,57.14,NONE,False,0.0,,,Cannot move a yardstick: People.Interviews is not read by any yardstick,,audit_1_coverage.csv,False,
50,3. Duplicates,R3.5.Applications,Applications.Application ID used by more than one record,Applications,8,350.0,2.29,NONE,False,0.0,,,Cannot move a yardstick: yardsticks join on Airtable record ids; a report keyed on this business id would mis-join these rows,,audit_3_duplicates.csv,False,
51,7. Outliers,R7.4,Offer Base CTC outside its requisition's salary band,Offers,7,36.0,19.44,NONE,False,0.0,,,Cannot move a yardstick: pay is not read by any yardstick; relevant when explaining declines,,audit_7_outliers.csv,False,
52,6. State-machine contradictions,R6.5,"Stage and Status disagree (terminal stage but Active, or open stage but Closed)",Applications,5,350.0,1.43,NONE,False,0.0,,,Cannot move a yardstick: neither Stage = Hired nor Offers.Status changes; see offer_status in the evidence for what each row holds,,audit_6_state_machine_contradictions.csv,False,
53,6. State-machine contradictions,R6.17,Requisition still Open although hires already meet Headcount,Job Openings,5,24.0,20.83,NONE,False,0.0,,,Cannot move a yardstick: a requisition's status is not read by any yardstick,,audit_6_state_machine_contradictions.csv,False,
54,5. Temporal logic,R5.9,Interview completed before it was scheduled,Interviews,4,160.0,2.5,NONE,False,0.0,,,Cannot move a yardstick: all-time yardsticks do not read dates; this moves records in or out of windowed cuts such as trailing 12 months,,audit_5_temporal_logic.csv,False,
55,5. Temporal logic,R5.13,Proposed start date before the offer decision,Offers,4,36.0,11.11,NONE,False,0.0,,,Cannot move a yardstick: all-time yardsticks do not read dates; this moves records in or out of windowed cuts such as trailing 12 months,,audit_5_temporal_logic.csv,False,
56,6. State-machine contradictions,R6.21,"Interview result fields contradict Outcome (not Completed but scored, or Completed but unscored)",Interviews,4,160.0,2.5,NONE,False,0.0,,,Cannot move a yardstick: interviews are not read by any yardstick,,audit_6_state_machine_contradictions.csv,False,
57,7. Outliers,R7.6.interview completion,Negative duration: interview completion (Scheduled On -> Completed On),Interviews,4,160.0,2.5,NONE,False,0.0,,,Cannot move a yardstick: durations are not read by any yardstick,,audit_7_outliers.csv,False,R5.9
58,7. Outliers,R7.6.offer to start,Negative duration: offer to start (Decision On -> Proposed Start Date),Offers,4,36.0,11.11,NONE,False,0.0,,,Cannot move a yardstick: durations are not read by any yardstick,,audit_7_outliers.csv,False,R5.13
59,7. Outliers,R7.9,Candidate Expected CTC below Current CTC,Candidates,4,300.0,1.33,NONE,False,0.0,,,Cannot move a yardstick: candidate pay is not read by any yardstick,,audit_7_outliers.csv,False,
60,5. Temporal logic,R5.5.Candidates,Backward-looking date later than the day the record was created (createdTime) (Candidates),Candidates,3,300.0,1.0,NONE,False,0.0,,,Cannot move a yardstick: all-time yardsticks do not read dates; this moves records in or out of windowed cuts such as trailing 12 months,,audit_5_temporal_logic.csv,False,
61,5. Temporal logic,R5.11,Application made before its requisition opened,Applications,3,350.0,0.86,NONE,False,0.0,,,Cannot move a yardstick: all-time yardsticks do not read dates; this moves records in or out of windowed cuts such as trailing 12 months,,audit_5_temporal_logic.csv,False,
62,5. Temporal logic,R5.18,Applications.Offered On differs from Offers.Offered On,Offers,3,36.0,8.33,NONE,False,0.0,,,Cannot move a yardstick: all-time yardsticks do not read dates; this moves records in or out of windowed cuts such as trailing 12 months,,audit_5_temporal_logic.csv,False,
63,1. Coverage,R1.1.People.Referrals Made,People.Referrals Made is empty,People,2,14.0,14.29,NONE,False,0.0,,,Cannot move a yardstick: People.Referrals Made is not read by any yardstick,,audit_1_coverage.csv,False,
64,6. State-machine contradictions,R6.16,Requisition Filled with fewer hires than Headcount,Job Openings,2,24.0,8.33,NONE,False,0.0,,,Cannot move a yardstick: a requisition's status is not read by any yardstick,,audit_6_state_machine_contradictions.csv,False,
65,1. Coverage,R1.1.Offers.Decision On,Offers.Decision On is empty,Offers,1,36.0,2.78,NONE,False,0.0,,,Cannot move a yardstick: Offers.Decision On is not read by any yardstick,,audit_1_coverage.csv,False,
66,1. Coverage,R1.0.Findings,Findings returned 0 records,Findings,0,0.0,,NONE,False,0.0,,,Cannot move a yardstick: no yardstick reads this table; without schema scope its fields cannot even be listed,,audit_1_coverage.csv,False,
67,2. Referential integrity,R2.1,Applications with no Candidates (Candidate empty or dangling),Applications,0,350.0,0.0,PASS,False,0.0,,,Nothing found.,,audit_2_referential_integrity.csv,False,
68,2. Referential integrity,R2.2,Applications with no Job Openings (Opening empty or dangling),Applications,0,350.0,0.0,PASS,False,0.0,,,Nothing found.,,audit_2_referential_integrity.csv,False,
69,2. Referential integrity,R2.3,Offers with no Applications (Application empty or dangling),Offers,0,36.0,0.0,PASS,False,0.0,,,Nothing found.,,audit_2_referential_integrity.csv,False,
70,2. Referential integrity,R2.4,Interviews with no Applications (Application empty or dangling),Interviews,0,160.0,0.0,PASS,False,0.0,,,Nothing found.,,audit_2_referential_integrity.csv,False,
71,2. Referential integrity,R2.5,People with no Departments (Department empty or dangling),People,0,14.0,0.0,PASS,False,0.0,,,Nothing found.,,audit_2_referential_integrity.csv,False,
72,2. Referential integrity,R2.6.Departments,Departments: a link field holds a record id missing from its target table,Departments,0,8.0,0.0,PASS,False,0.0,,,Nothing found.,,audit_2_referential_integrity.csv,False,
73,2. Referential integrity,R2.6.People,People: a link field holds a record id missing from its target table,People,0,14.0,0.0,PASS,False,0.0,,,Nothing found.,,audit_2_referential_integrity.csv,False,
74,2. Referential integrity,R2.6.Job Openings,Job Openings: a link field holds a record id missing from its target table,Job Openings,0,24.0,0.0,PASS,False,0.0,,,Nothing found.,,audit_2_referential_integrity.csv,False,
75,2. Referential integrity,R2.6.Candidates,Candidates: a link field holds a record id missing from its target table,Candidates,0,300.0,0.0,PASS,False,0.0,,,Nothing found.,,audit_2_referential_integrity.csv,False,
76,2. Referential integrity,R2.6.Applications,Applications: a link field holds a record id missing from its target table,Applications,0,350.0,0.0,PASS,False,0.0,,,Nothing found.,,audit_2_referential_integrity.csv,False,
77,2. Referential integrity,R2.6.Interviews,Interviews: a link field holds a record id missing from its target table,Interviews,0,160.0,0.0,PASS,False,0.0,,,Nothing found.,,audit_2_referential_integrity.csv,False,
78,2. Referential integrity,R2.6.Offers,Offers: a link field holds a record id missing from its target table,Offers,0,36.0,0.0,PASS,False,0.0,,,Nothing found.,,audit_2_referential_integrity.csv,False,
79,2. Referential integrity,R2.7.1,Candidates with no Applications,Candidates,0,300.0,0.0,PASS,False,0.0,,,Nothing found.,,audit_2_referential_integrity.csv,False,
80,2. Referential integrity,R2.7.2,Job Openings with no Applications,Job Openings,0,24.0,0.0,PASS,False,0.0,,,Nothing found.,,audit_2_referential_integrity.csv,False,
81,2. Referential integrity,R2.7.3,Departments with no People,Departments,0,8.0,0.0,PASS,False,0.0,,,Nothing found.,,audit_2_referential_integrity.csv,False,
82,2. Referential integrity,R2.7.4,Departments with no Job Openings,Departments,0,8.0,0.0,PASS,False,0.0,,,Nothing found.,,audit_2_referential_integrity.csv,False,
83,2. Referential integrity,R2.8.Applications.Candidate,Applications.Candidate and Candidates.Applications disagree,Applications,0,350.0,0.0,PASS,False,0.0,,,Nothing found.,,audit_2_referential_integrity.csv,False,
84,2. Referential integrity,R2.8.Applications.Opening,Applications.Opening and Job Openings.Applications disagree,Applications,0,350.0,0.0,PASS,False,0.0,,,Nothing found.,,audit_2_referential_integrity.csv,False,
85,2. Referential integrity,R2.8.Applications.Recruiter,Applications.Recruiter and People.Applications as Recruiter disagree,Applications,0,350.0,0.0,PASS,False,0.0,,,Nothing found.,,audit_2_referential_integrity.csv,False,
86,2. Referential integrity,R2.8.Applications.Referred By,Applications.Referred By and People.Referrals Made disagree,Applications,0,350.0,0.0,PASS,False,0.0,,,Nothing found.,,audit_2_referential_integrity.csv,False,
87,2. Referential integrity,R2.8.Offers.Application,Offers.Application and Applications.Offers disagree,Offers,0,36.0,0.0,PASS,False,0.0,,,Nothing found.,,audit_2_referential_integrity.csv,False,
88,2. Referential integrity,R2.8.Interviews.Application,Interviews.Application and Applications.Interviews disagree,Interviews,0,160.0,0.0,PASS,False,0.0,,,Nothing found.,,audit_2_referential_integrity.csv,False,
89,2. Referential integrity,R2.8.Interviews.Interviewer,Interviews.Interviewer and People.Interviews disagree,Interviews,0,160.0,0.0,PASS,False,0.0,,,Nothing found.,,audit_2_referential_integrity.csv,False,
90,2. Referential integrity,R2.8.Job Openings.Department,Job Openings.Department and Departments.Job Openings disagree,Job Openings,0,24.0,0.0,PASS,False,0.0,,,Nothing found.,,audit_2_referential_integrity.csv,False,
91,2. Referential integrity,R2.8.Job Openings.Recruiter,Job Openings.Recruiter and People.Reqs as Recruiter disagree,Job Openings,0,24.0,0.0,PASS,False,0.0,,,Nothing found.,,audit_2_referential_integrity.csv,False,
92,2. Referential integrity,R2.8.Job Openings.Hiring Manager,Job Openings.Hiring Manager and People.Reqs as Hiring Manager disagree,Job Openings,0,24.0,0.0,PASS,False,0.0,,,Nothing found.,,audit_2_referential_integrity.csv,False,
93,2. Referential integrity,R2.8.People.Department,People.Department and Departments.People disagree,People,0,14.0,0.0,PASS,False,0.0,,,Nothing found.,,audit_2_referential_integrity.csv,False,
94,2. Referential integrity,R2.9.Applications.Recruiter,Applications.Recruiter links a person whose Role is not in ['Recruiter'],Applications,0,350.0,0.0,PASS,False,0.0,,,Nothing found.,,audit_2_referential_integrity.csv,False,
95,2. Referential integrity,R2.9.Job Openings.Recruiter,Job Openings.Recruiter links a person whose Role is not in ['Recruiter'],Job Openings,0,24.0,0.0,PASS,False,0.0,,,Nothing found.,,audit_2_referential_integrity.csv,False,
96,2. Referential integrity,R2.9.Job Openings.Hiring Manager,Job Openings.Hiring Manager links a person whose Role is not in ['Hiring Manager'],Job Openings,0,24.0,0.0,PASS,False,0.0,,,Nothing found.,,audit_2_referential_integrity.csv,False,
97,2. Referential integrity,R2.9.Interviews.Interviewer,"Interviews.Interviewer links a person whose Role is not in ['Hiring Manager', 'Interviewer']",Interviews,0,160.0,0.0,PASS,False,0.0,,,Nothing found.,,audit_2_referential_integrity.csv,False,
98,3. Duplicates,R3.5.Departments,Departments.Code used by more than one record,Departments,0,8.0,0.0,PASS,False,0.0,,,Nothing found.,,audit_3_duplicates.csv,False,
99,3. Duplicates,R3.5.Job Openings,Job Openings.Req ID used by more than one record,Job Openings,0,24.0,0.0,PASS,False,0.0,,,Nothing found.,,audit_3_duplicates.csv,False,
100,3. Duplicates,R3.5.Candidates,Candidates.Candidate ID used by more than one record,Candidates,0,300.0,0.0,PASS,False,0.0,,,Nothing found.,,audit_3_duplicates.csv,False,
101,3. Duplicates,R3.5.Interviews,Interviews.Interview ID used by more than one record,Interviews,0,160.0,0.0,PASS,False,0.0,,,Nothing found.,,audit_3_duplicates.csv,False,
102,3. Duplicates,R3.5.Offers,Offers.Offer ID used by more than one record,Offers,0,36.0,0.0,PASS,False,0.0,,,Nothing found.,,audit_3_duplicates.csv,False,
103,3. Duplicates,R3.6,Applications with more than one Offer record,Offers,0,36.0,0.0,PASS,False,0.0,,,Nothing found.,,audit_3_duplicates.csv,False,
104,4. Categorical hygiene,R4.1,case variants (all 16 enum-like fields),(enum-like fields),0,,,PASS,False,0.0,,,Nothing found.,,audit_4_categorical_hygiene.csv,False,
105,4. Categorical hygiene,R4.2,"leading, trailing or repeated whitespace (all 16 enum-like fields)",(enum-like fields),0,,,PASS,False,0.0,,,Nothing found.,,audit_4_categorical_hygiene.csv,False,
106,4. Categorical hygiene,R4.3,synonym variants (declared SYNONYMS) (all 16 enum-like fields),(enum-like fields),0,,,PASS,False,0.0,,,Nothing found.,,audit_4_categorical_hygiene.csv,False,
107,4. Categorical hygiene,R4.4,"near-duplicate spellings (similarity >= 0.85, for review) (all 16 enum-like fields)",(enum-like fields),0,,,PASS,False,0.0,,,Nothing found.,,audit_4_categorical_hygiene.csv,False,
108,5. Temporal logic,R5.1,Offer dated before its application (Offers.Offered On < Applications.Applied On),Offers,0,36.0,0.0,PASS,False,0.0,,,Nothing found.,,audit_5_temporal_logic.csv,False,
109,5. Temporal logic,R5.2,Interview held after its offer was accepted (interview date > Offers.Decision On),Interviews,0,160.0,0.0,PASS,False,0.0,,,Nothing found.,,audit_5_temporal_logic.csv,False,
110,5. Temporal logic,R5.3,Hire closed before its requisition opened (Closed On < Job Openings.Opened On),Applications,0,350.0,0.0,PASS,False,0.0,,,Nothing found.,,audit_5_temporal_logic.csv,False,
111,5. Temporal logic,R5.4,Backward-looking date later than the snapshot day 2026-09-14 (all tables),all tables,0,,,PASS,False,0.0,,,Nothing found.,,audit_5_temporal_logic.csv,False,
112,5. Temporal logic,R5.6,Date before 2000-01-01 (epoch / default values) (all tables),all tables,0,,,PASS,False,0.0,,,Nothing found.,,audit_5_temporal_logic.csv,False,
113,5. Temporal logic,R5.7,Application pipeline dates out of order,Applications,0,350.0,0.0,PASS,False,0.0,,,Nothing found.,,audit_5_temporal_logic.csv,False,
114,5. Temporal logic,R5.12,Offer decided before it was made,Offers,0,36.0,0.0,PASS,False,0.0,,,Nothing found.,,audit_5_temporal_logic.csv,False,
115,5. Temporal logic,R5.15,Requisition target close before it opened,Job Openings,0,24.0,0.0,PASS,False,0.0,,,Nothing found.,,audit_5_temporal_logic.csv,False,
116,6. State-machine contradictions,R6.1,Application Rejected/Withdrawn but its offer is Accepted,Offers,0,36.0,0.0,PASS,False,0.0,,,Nothing found.,,audit_6_state_machine_contradictions.csv,False,
117,6. State-machine contradictions,R6.3,Offer Accepted but the application is not at Stage Hired,Offers,0,36.0,0.0,PASS,False,0.0,,,Nothing found.,,audit_6_state_machine_contradictions.csv,False,
118,6. State-machine contradictions,R6.4,Application at Stage Hired without an Accepted offer,Applications,0,350.0,0.0,PASS,False,0.0,,,Nothing found.,,audit_6_state_machine_contradictions.csv,False,
119,6. State-machine contradictions,R6.7,Offer Accepted/Declined with no Decision On,Offers,0,36.0,0.0,PASS,False,0.0,,,Nothing found.,,audit_6_state_machine_contradictions.csv,False,
120,6. State-machine contradictions,R6.8,"Decline Reason missing on a Declined offer, or present on a non-Declined one",Offers,0,36.0,0.0,PASS,False,0.0,,,Nothing found.,,audit_6_state_machine_contradictions.csv,False,
121,6. State-machine contradictions,R6.10,Application Rejected/Withdrawn with no Rejection Reason,Applications,0,350.0,0.0,PASS,False,0.0,,,Nothing found.,,audit_6_state_machine_contradictions.csv,False,
122,6. State-machine contradictions,R6.11,Application at Stage Offer/Hired with no Offer record,Applications,0,350.0,0.0,PASS,False,0.0,,,Nothing found.,,audit_6_state_machine_contradictions.csv,False,
123,6. State-machine contradictions,R6.12,Offer record on an application that is not at Stage Offer/Hired,Offers,0,36.0,0.0,PASS,False,0.0,,,Nothing found.,,audit_6_state_machine_contradictions.csv,False,
124,6. State-machine contradictions,R6.22,Recommendation contradicts Score,Interviews,0,160.0,0.0,PASS,False,0.0,,,Nothing found.,,audit_6_state_machine_contradictions.csv,False,
125,6. State-machine contradictions,R6.23,"Interviews exist before Stage Interview, or Stage Interview+ has none",Applications,0,350.0,0.0,PASS,False,0.0,,,Nothing found.,,audit_6_state_machine_contradictions.csv,False,
126,7. Outliers,R7.1.Offers.Base CTC,Offers.Base CTC at or below zero,Offers,0,36.0,0.0,PASS,False,0.0,,,Nothing found.,,audit_7_outliers.csv,False,
127,7. Outliers,R7.2.Offers.Base CTC,"Offers.Base CTC at least 10x above or below its median (1,705,000)",Offers,0,36.0,0.0,PASS,False,0.0,,,Nothing found.,,audit_7_outliers.csv,False,
128,7. Outliers,R7.1.Candidates.Current CTC,Candidates.Current CTC at or below zero,Candidates,0,300.0,0.0,PASS,False,0.0,,,Nothing found.,,audit_7_outliers.csv,False,
129,7. Outliers,R7.2.Candidates.Current CTC,"Candidates.Current CTC at least 10x above or below its median (1,320,000)",Candidates,0,300.0,0.0,PASS,False,0.0,,,Nothing found.,,audit_7_outliers.csv,False,
130,7. Outliers,R7.1.Candidates.Expected CTC,Candidates.Expected CTC at or below zero,Candidates,0,300.0,0.0,PASS,False,0.0,,,Nothing found.,,audit_7_outliers.csv,False,
131,7. Outliers,R7.2.Candidates.Expected CTC,"Candidates.Expected CTC at least 10x above or below its median (1,635,000)",Candidates,0,300.0,0.0,PASS,False,0.0,,,Nothing found.,,audit_7_outliers.csv,False,
132,7. Outliers,R7.1.Job Openings.Salary Band Min,Job Openings.Salary Band Min at or below zero,Job Openings,0,24.0,0.0,PASS,False,0.0,,,Nothing found.,,audit_7_outliers.csv,False,
133,7. Outliers,R7.2.Job Openings.Salary Band Min,"Job Openings.Salary Band Min at least 10x above or below its median (800,000)",Job Openings,0,24.0,0.0,PASS,False,0.0,,,Nothing found.,,audit_7_outliers.csv,False,
134,7. Outliers,R7.1.Job Openings.Salary Band Max,Job Openings.Salary Band Max at or below zero,Job Openings,0,24.0,0.0,PASS,False,0.0,,,Nothing found.,,audit_7_outliers.csv,False,
135,7. Outliers,R7.2.Job Openings.Salary Band Max,"Job Openings.Salary Band Max at least 10x above or below its median (1,600,000)",Job Openings,0,24.0,0.0,PASS,False,0.0,,,Nothing found.,,audit_7_outliers.csv,False,
136,7. Outliers,R7.3.Offers.Joining Bonus,Offers.Joining Bonus negative,Offers,0,36.0,0.0,PASS,False,0.0,,,Nothing found.,,audit_7_outliers.csv,False,
137,7. Outliers,R7.3.Candidates.Notice Period Days,Candidates.Notice Period Days negative,Candidates,0,300.0,0.0,PASS,False,0.0,,,Nothing found.,,audit_7_outliers.csv,False,
138,7. Outliers,R7.3.Candidates.Years Experience,Candidates.Years Experience negative,Candidates,0,300.0,0.0,PASS,False,0.0,,,Nothing found.,,audit_7_outliers.csv,False,
139,7. Outliers,R7.5,Requisition Salary Band Min above Max,Job Openings,0,24.0,0.0,PASS,False,0.0,,,Nothing found.,,audit_7_outliers.csv,False,
140,7. Outliers,R7.6.time to hire,Negative duration: time to hire (Applied On -> Closed On),Applications,0,350.0,0.0,PASS,False,0.0,,,Nothing found.,,audit_7_outliers.csv,False,
141,7. Outliers,R7.7.time to hire,Duration over 365 days: time to hire (Applied On -> Closed On),Applications,0,350.0,0.0,PASS,False,0.0,,,Nothing found.,,audit_7_outliers.csv,False,
142,7. Outliers,R7.6.offer decision,Negative duration: offer decision (Offered On -> Decision On),Offers,0,36.0,0.0,PASS,False,0.0,,,Nothing found.,,audit_7_outliers.csv,False,
143,7. Outliers,R7.7.offer decision,Duration over 45 days: offer decision (Offered On -> Decision On),Offers,0,36.0,0.0,PASS,False,0.0,,,Nothing found.,,audit_7_outliers.csv,False,
144,7. Outliers,R7.8,Years Experience > 50 or Notice Period > 180 days,Candidates,0,300.0,0.0,PASS,False,0.0,,,Nothing found.,,audit_7_outliers.csv,False,
145,7. Outliers,R7.10,Application with more than 8 interviews,Applications,0,350.0,0.0,PASS,False,0.0,,,Nothing found.,,audit_7_outliers.csv,False,
146,7. Outliers,R7.11,Hire with zero interviews,Applications,0,350.0,0.0,PASS,False,0.0,,,Nothing found.,,audit_7_outliers.csv,False,
147,7. Outliers,R7.12,Interviewer with more than 6 interviews on one day,Interviews,0,160.0,0.0,PASS,False,0.0,,,Nothing found.,,audit_7_outliers.csv,False,
148,8. Test and synthetic records,R8.1.Job Openings,Test/dummy tokens in Job Openings text fields,Job Openings,0,24.0,0.0,PASS,False,0.0,,,Nothing found.,,audit_8_test_and_synthetic_records.csv,False,
149,8. Test and synthetic records,R8.1.Departments,Test/dummy tokens in Departments text fields,Departments,0,8.0,0.0,PASS,False,0.0,,,Nothing found.,,audit_8_test_and_synthetic_records.csv,False,
150,3. Duplicates,R3.1,"Candidates sharing a normalised email (lower-case, trimmed, +tag removed)",Candidates,0,300.0,0.0,NOT TESTABLE,False,0.0,,,Could not have fired: it inspects placeholder identifiers (Candidates.Email).,,audit_3_duplicates.csv,True,
151,8. Test and synthetic records,R8.1.Candidates,Test/dummy tokens in Candidates text fields,Candidates,0,300.0,0.0,NOT TESTABLE,False,0.0,,,"Could not have fired: it inspects placeholder identifiers (Candidates.Email, Candidates.Full Name); it also inspects Candidates.Current Company, Candidates.Notes, which could have fired and did not.",,audit_8_test_and_synthetic_records.csv,True,
152,8. Test and synthetic records,R8.1.People,Test/dummy tokens in People text fields,People,0,14.0,0.0,NOT TESTABLE,False,0.0,,,"Could not have fired: it inspects placeholder identifiers (People.Full Name, People.Work Email).",,audit_8_test_and_synthetic_records.csv,True,
153,8. Test and synthetic records,R8.3,Candidate phone is a placeholder (<=2 distinct digits or a run like 1234567890),Candidates,0,300.0,0.0,NOT TESTABLE,False,0.0,,,Could not have fired: it inspects placeholder identifiers (Candidates.Phone).,,audit_8_test_and_synthetic_records.csv,True,
